"id","name","code","account_type","reconcile","currency_id","tag_ids"
"py_1_01_01_01_001","RECAUDACIONES A DEPOSITAR","1.01.01.01.001","asset_cash","False","base.PYG",""
"py_1_01_01_01_002","TRANSFERENCIAS INTERNAS","1.01.01.01.002","asset_current","False","base.PYG",""
"py_1_01_01_01_003","CAJA 1","1.01.01.01.003","asset_cash","False","base.PYG",""
"py_1_01_01_02_001","FONDO FIJO ADM","1.01.01.02.001","asset_cash","False","base.PYG",""
"py_1_01_01_02_002","FONDO FIJO COMERCIAL","1.01.01.02.002","asset_cash","False","base.PYG",""
"py_1_01_01_03_001","BANCOS 1 PYG","1.01.01.03.001","asset_cash","False","base.PYG",""
"py_1_01_01_03_002","BANCOS 2 USD","1.01.01.03.002","asset_cash","False","base.PYG",""
"py_1_01_02_01_001","INVERSIONES FINANCIERAS","1.01.02.01.001","asset_current","False","base.PYG",""
"py_1_01_02_01_002","INVERSIONES EN ENTIDADES VINCULADAS","1.01.02.01.002","asset_current","False","base.PYG",""
"py_1_01_02_01_003","OTRAS INVERSIONES","1.01.02.01.003","asset_current","False","base.PYG",""
"py_1_01_02_01_004","INTERESES, REGALÍAS Y OTROS RENDIMIENTOS DE INVERSIONES","1.01.02.01.004","asset_current","False","base.PYG",""
"py_1_01_03_01_001","DEUDORES POR VENTAS","1.01.03.01.001","asset_receivable","True","base.PYG",""
"py_1_01_03_01_002","DEUDORES POR PRÉSTAMOS","1.01.03.01.002","asset_receivable","True","base.PYG",""
"py_1_01_03_01_003","CUENTAS A COBRAR A DIRECTORES Y FUNCIONARIOS","1.01.03.01.003","asset_receivable","True","base.PYG",""
"py_1_01_03_01_004","CUENTAS A COBRAR A SOCIOS O A ENTIDADES VINCULADAS","1.01.03.01.004","asset_receivable","True","base.PYG",""
"py_1_01_03_02_001","ANTICIPOS Y RETENCIONES DE IMPUESTO A LA RENTA","1.01.03.02.001","asset_current","False","base.PYG",""
"py_1_01_03_02_002","RETENCIONES DE IVA","1.01.03.02.002","asset_current","False","base.PYG",""
"py_1_01_03_02_003","IVA - CRÉDITO FISCAL","1.01.03.02.003","asset_current","False","base.PYG","l10n_py.tag_iva_credito_fiscal"
"py_1_01_03_02_004","IVA - CRÉDITO FISCAL - RÉGIMEN DE TURISMO","1.01.03.02.004","asset_current","False","base.PYG",""
"py_1_01_03_03_001","ANTICIPOS A PROVEEDORES LOCALES","1.01.03.03.001","asset_prepayments","False","base.PYG",""
"py_1_01_03_03_002","ANTICIPOS A PROVEEDORES DEL EXTERIOR","1.01.03.03.002","asset_prepayments","False","base.PYG",""
"py_1_01_03_04_001","(-) PREVISIÓN PARA CRÉDITOS DE DUDOSO COBRO","1.01.03.04.001","asset_cash","False","base.PYG",""
"py_1_01_04_01_001","MERCADERÍAS GRAVADAS POR EL IVA AL 10%","1.01.04.01.001","asset_current","False","base.PYG",""
"py_1_01_04_01_002","MERCADERÍAS GRAVADAS POR EL IVA AL 5%","1.01.04.01.002","asset_current","False","base.PYG",""
"py_1_01_04_01_003","MERCADERÍAS EXENTAS DEL IVA","1.01.04.01.003","asset_current","False","base.PYG",""
"py_1_01_04_02_001","MERCADERÍAS RÉGIMEN DE TURISMO","1.01.04.02.001","asset_current","False","base.PYG",""
"py_1_01_04_02_002","MERCADERÍAS ZONA FRANCA","1.01.04.02.002","asset_current","False","base.PYG",""
"py_1_01_04_02_003","MERCADERÍAS RÉGIMEN DE MAQUILA","1.01.04.02.003","asset_current","False","base.PYG",""
"py_1_01_04_02_004","MERCADERÍAS OTROS REGÍMENES ESPECIALES","1.01.04.02.004","asset_current","False","base.PYG",""
"py_1_01_04_03_001","PRODUCTOS TERMINADOS GRAVADOS POR EL IVA AL 10%","1.01.04.03.001","asset_current","False","base.PYG",""
"py_1_01_04_03_002","PRODUCTOS TERMINADOS GRAVADOS POR EL IVA AL 5%","1.01.04.03.002","asset_current","False","base.PYG",""
"py_1_01_04_03_003","PRODUCTOS TERMINADOS EXENTOS DEL IVA","1.01.04.03.003","asset_current","False","base.PYG",""
"py_1_01_04_04_001","PRODUCTOS EN PROCESO","1.01.04.04.001","asset_current","False","base.PYG",""
"py_1_01_04_04_002","MATERIAS PRIMAS","1.01.04.04.002","asset_current","False","base.PYG",""
"py_1_01_04_04_003","MATERIALES, SUMINISTROS Y REPUESTOS","1.01.04.04.003","asset_current","False","base.PYG",""
"py_1_01_04_04_004","PRODUCTOS AGRÍCOLAS","1.01.04.04.004","asset_current","False","base.PYG",""
"py_1_01_04_04_005","PRODUCTOS FORESTALES","1.01.04.04.005","asset_current","False","base.PYG",""
"py_1_01_04_04_006","ACTIVOS BIOLÓGICOS EN PRODUCCIÓN","1.01.04.04.006","asset_fixed","False","base.PYG",""
"py_1_01_04_04_007","ACTIVOS BIOLÓGICOS EN DESARROLLO","1.01.04.04.007","asset_fixed","False","base.PYG",""
"py_1_01_04_04_008","IMPORTACIONES EN CURSO","1.01.04.04.008","asset_current","False","base.PYG",""
"py_1_01_04_04_009","STOCK ENTRANTE","1.01.04.04.009","asset_current","True","base.PYG",""
"py_1_01_04_04_010","STOCK SALIENTE","1.01.04.04.010","asset_current","True","base.PYG",""
"py_1_01_04_04_011","(-) PREVISIÓN POR DEVALUACIÓN DE INVENTARIOS","1.01.04.04.011","asset_fixed","False","base.PYG",""
"py_1_01_05_01_001","ALQUILERES PAGADOS POR ADELANTADO","1.01.05.01.001","asset_prepayments","False","base.PYG",""
"py_1_01_05_01_002","SEGUROS A DEVENGAR","1.01.05.01.002","asset_current","False","base.PYG",""
"py_1_01_06_01_001","CUENTA","1.01.06.01.001","asset_current","False","base.PYG",""
"py_1_02_01_01_001","INVERSIONES FINANCIERAS","1.02.01.01.001","asset_non_current","False","base.PYG",""
"py_1_02_01_01_002","INVERSIONES EN ENTIDADES VINCULADAS","1.02.01.01.002","asset_non_current","False","base.PYG",""
"py_1_02_01_01_003","INVERSIONES INMOBILIARIAS","1.02.01.01.003","asset_non_current","False","base.PYG",""
"py_1_02_01_01_004","OTRAS INVERSIONES","1.02.01.01.004","asset_non_current","False","base.PYG",""
"py_1_02_01_01_005","INTERESES, REGALÍAS Y OTROS RENDIMIENTOS DE INVERSIONES","1.02.01.01.005","asset_non_current","False","base.PYG",""
"py_1_02_01_01_099","(-) PREVISIÓN POR DEVALUACIÓN DE INVERSIONES","1.02.01.01.099","asset_non_current","False","base.PYG",""
"py_1_02_02_01_001","DEUDORES POR VENTAS","1.02.02.01.001","asset_receivable","True","base.PYG",""
"py_1_02_02_01_002","DEUDORES POR PRÉSTAMOS","1.02.02.01.002","asset_receivable","True","base.PYG",""
"py_1_02_02_01_003","CUENTAS A COBRAR A DIRECTORES Y FUNCIONARIOS","1.02.02.01.003","asset_receivable","True","base.PYG",""
"py_1_02_02_01_004","CUENTAS A COBRAR A SOCIOS O ENTIDADES VINCULADAS","1.02.02.01.004","asset_receivable","True","base.PYG",""
"py_1_02_02_01_005","DEUDORES EN GESTIÓN DE COBRO – MOROSOS O SIMILARES","1.02.02.01.005","asset_non_current","False","base.PYG",""
"py_1_02_02_02_001","CRÉDITOS POR IMPUESTOS DIFERIDOS","1.02.02.02.001","asset_non_current","False","base.PYG",""
"py_1_02_02_03_001","ANTICIPOS A PROVEEDORES","1.02.02.03.001","asset_prepayments","False","base.PYG",""
"py_1_02_02_03_002","ANTICIPOS A PROVEEDORES LOCALES","1.02.02.03.002","asset_prepayments","False","base.PYG",""
"py_1_02_02_03_003","ANTICIPOS A PROVEEDORES DEL EXTERIOR","1.02.02.03.003","asset_prepayments","False","base.PYG",""
"py_1_02_02_04_001","(-) PREVISIÓN PARA CRÉDITOS DE DUDOSO COBRO","1.02.02.04.001","asset_non_current","False","base.PYG",""
"py_1_02_03_01_001","ACTIVOS BIOLÓGICOS EN PRODUCCIÓN","1.02.03.01.001","asset_non_current","False","base.PYG",""
"py_1_02_03_01_002","ACTIVOS BIOLÓGICOS EN DESARROLLO","1.02.03.01.002","asset_non_current","False","base.PYG",""
"py_1_02_03_01_099","(-) PREVISIÓN POR DEVALUACIÓN DE ACTIVOS BIOLÓGICOS","1.02.03.01.099","asset_non_current","False","base.PYG",""
"py_1_02_04_01_001","INMUEBLES","1.02.04.01.001","asset_fixed","False","base.PYG",""
"py_1_02_04_01_002","RODADOS /TRANSPORTES","1.02.04.01.002","asset_fixed","False","base.PYG",""
"py_1_02_04_01_003","MUEBLES, ÚTILES Y ENSERES","1.02.04.01.003","asset_fixed","False","base.PYG",""
"py_1_02_04_01_004","MAQUINARIAS","1.02.04.01.004","asset_fixed","False","base.PYG",""
"py_1_02_04_01_005","EQUIPOS","1.02.04.01.005","asset_fixed","False","base.PYG",""
"py_1_02_04_01_006","HERRAMIENTAS","1.02.04.01.006","asset_fixed","False","base.PYG",""
"py_1_02_04_01_007","BIENES FUERA DE OPERACIÓN","1.02.04.01.007","asset_fixed","False","base.PYG",""
"py_1_02_04_01_008","MEJORAS EN PREDIO AJENO","1.02.04.01.008","asset_fixed","False","base.PYG",""
"py_1_02_04_01_097","BIENES INCORPORADOS AL AMPARO DE LA LEY N° 60/90","1.02.04.01.097","asset_fixed","False","base.PYG",""
"py_1_02_04_01_098","BIENES EN ARRENDAMIENTO FINANCIERO","1.02.04.01.098","asset_fixed","False","base.PYG",""
"py_1_02_04_01_099","(-) DEPRECIACIÓN ACUMULADA","1.02.04.01.099","asset_fixed","False","base.PYG",""
"py_1_02_05_01_001","LICENCIAS, MARCAS Y PATENTES","1.02.05.01.001","asset_fixed","False","base.PYG",""
"py_1_02_05_01_002","FRANQUICIAS","1.02.05.01.002","asset_fixed","False","base.PYG",""
"py_1_02_05_01_099","(-) AMORTIZACIÓN ACUMULADA","1.02.05.01.099","asset_fixed","False","base.PYG",""
"py_1_02_06_01_001","DERECHOS FIDUCIARIOS","1.02.06.01.001","asset_non_current","False","base.PYG",""
"py_1_02_07_01_001","GASTOS DE CONSTITUCIÓN","1.02.07.01.001","asset_non_current","False","base.PYG",""
"py_1_02_07_01_002","GASTOS DE ORGANIZACIÓN","1.02.07.01.002","asset_non_current","False","base.PYG",""
"py_1_02_07_01_003","GASTOS DE DESARROLLO","1.02.07.01.003","asset_non_current","False","base.PYG",""
"py_1_02_07_01_004","GASTOS DE PROYECTOS DE INVERSIÓN","1.02.07.01.004","asset_non_current","False","base.PYG",""
"py_2_01_01_01_001","PROVEEDORES LOCALES","2.01.01.01.001","liability_payable","True","base.PYG",""
"py_2_01_01_01_002","PROVEEDORES DEL EXTERIOR","2.01.01.01.002","liability_payable","True","base.PYG",""
"py_2_01_01_01_003","INTERESES A PAGAR A PROVEEDORES","2.01.01.01.003","liability_payable","True","base.PYG",""
"py_2_01_01_01_004","OTROS ACREEDORES","2.01.01.01.004","liability_payable","True","base.PYG",""
"py_2_01_02_01_001","PRÉSTAMOS DE BANCOS Y OTRAS ENTIDADES FINANCIERAS","2.01.02.01.001","liability_payable","True","base.PYG",""
"py_2_01_02_01_002","PRÉSTAMOS DEL DUEÑO, SOCIOS O  ENTIDADES VINCULADAS","2.01.02.01.002","liability_payable","True","base.PYG",""
"py_2_01_02_01_003","ARRENDAMIENTOS FINANCIEROS","2.01.02.01.003","liability_payable","True","base.PYG",""
"py_2_01_02_01_004","OTROS PRÉSTAMOS A PAGAR","2.01.02.01.004","liability_payable","True","base.PYG",""
"py_2_01_02_01_005","INTERESES A PAGAR","2.01.02.01.005","liability_payable","True","base.PYG",""
"py_2_01_03_01_001","DEUDAS FISCALES CORRIENTES","2.01.03.01.001","liability_current","False","base.PYG",""
"py_2_01_03_01_002","IMPUESTO A LA RENTA A PAGAR","2.01.03.01.002","liability_current","False","base.PYG",""
"py_2_01_03_01_003","IVA A PAGAR","2.01.03.01.003","liability_current","False","base.PYG","l10n_py.tag_iva_debito_fiscal"
"py_2_01_03_01_004","RETENCIONES DE IMPUESTOS A INGRESAR","2.01.03.01.004","liability_current","False","base.PYG",""
"py_2_01_03_01_005","OBLIGACIONES LABORALES Y CARGAS SOCIALES","2.01.03.01.005","liability_current","False","base.PYG",""
"py_2_01_03_01_006","DIVIDENDOS A PAGAR","2.01.03.01.006","liability_non_current","False","base.PYG",""
"py_2_01_03_01_007","PASIVOS FIDUCIARIOS","2.01.03.01.007","liability_non_current","False","base.PYG",""
"py_2_01_04_01_001","OBLIGACIONES POR GARANTÍAS OTORGADAS","2.01.04.01.001","liability_non_current","False","base.PYG",""
"py_2_01_04_01_002","OBLIGACIONES LEGALES POR LITIGIOS","2.01.04.01.002","liability_non_current","False","base.PYG",""
"py_2_01_04_01_003","PROVISIÓN PARA BENEFICIOS A EMPLEADOS","2.01.04.01.003","liability_non_current","False","base.PYG",""
"py_2_01_05_01_001","ANTICIPOS DE CLIENTES","2.01.05.01.001","liability_non_current","False","base.PYG",""
"py_2_01_05_01_002","SUBVENCIONES","2.01.05.01.002","liability_non_current","False","base.PYG",""
"py_2_01_05_01_003","DERECHOS DE FIDELIZACIÓN DE CLIENTES","2.01.05.01.003","liability_non_current","False","base.PYG",""
"py_2_01_05_01_004","ALQUILERES COBRADOS POR ADELANTADO","2.01.05.01.004","liability_non_current","False","base.PYG",""
"py_2_02_01_01_001","PROVEEDORES LOCALES","2.02.01.01.001","liability_payable","True","base.PYG",""
"py_2_02_01_01_002","PROVEEDORES DEL EXTERIOR","2.02.01.01.002","liability_payable","True","base.PYG",""
"py_2_02_01_01_003","INTERESES A  PAGAR A PROVEEDORES","2.02.01.01.003","liability_payable","True","base.PYG",""
"py_2_02_01_01_004","OTROS ACREEDORES","2.02.01.01.004","liability_payable","True","base.PYG",""
"py_2_02_02_01_001","PRÉSTAMOS DE BANCOS Y OTRAS ENTIDADES FINANCIERAS","2.02.02.01.001","liability_payable","True","base.PYG",""
"py_2_02_02_01_002","PRÉSTAMOS DEL DUEÑO, SOCIOS O  ENTIDADES VINCULADAS","2.02.02.01.002","liability_payable","True","base.PYG",""
"py_2_02_02_01_003","ARRENDAMIENTOS FINANCIEROS","2.02.02.01.003","liability_payable","True","base.PYG",""
"py_2_02_02_01_004","OTROS PRÉSTAMOS","2.02.02.01.004","liability_payable","True","base.PYG",""
"py_2_02_02_01_005","INTERESES A PAGAR","2.02.02.01.005","liability_payable","True","base.PYG",""
"py_2_02_03_01_001","PASIVOS POR IMPUESTOS DIFERIDOS","2.02.03.01.001","liability_current","False","base.PYG",""
"py_2_02_03_01_002","PASIVOS FIDUCIARIOS","2.02.03.01.002","liability_non_current","False","base.PYG",""
"py_2_02_04_01_001","OBLIGACIONES POR GARANTÍAS OTORGADAS","2.02.04.01.001","liability_non_current","False","base.PYG",""
"py_2_02_04_01_002","OBLIGACIONES LEGALES POR LITIGIOS PENDIENTES","2.02.04.01.002","liability_non_current","False","base.PYG",""
"py_2_02_04_01_003","PROVISIONES PARA BENEFICIOS A EMPLEADOS","2.02.04.01.003","liability_non_current","False","base.PYG",""
"py_2_02_05_01_001","ANTICIPOS DE CLIENTES","2.02.05.01.001","liability_non_current","False","base.PYG",""
"py_2_02_05_01_002","SUBVENCIONES","2.02.05.01.002","liability_non_current","False","base.PYG",""
"py_2_02_05_01_003","DERECHO DE FIDELIZACIÓN DE CLIENTES","2.02.05.01.003","liability_non_current","False","base.PYG",""
"py_2_02_05_01_004","ALQUILERES COBRADOS POR ADELANTADO","2.02.05.01.004","liability_non_current","False","base.PYG",""
"py_3_01_01_01_001","CAPITAL SUSCRIPTO","3.01.01.01.001","equity","False","base.PYG",""
"py_3_01_01_01_002","(-) CAPITAL A INTEGRAR","3.01.01.01.002","equity","False","base.PYG",""
"py_3_02_01_01_001","RESERVA LEGAL","3.02.01.01.001","equity","False","base.PYG",""
"py_3_02_02_01_001","RESERVA DE REVALÚO FISCAL","3.02.02.01.001","equity","False","base.PYG",""
"py_3_02_02_01_002","RESERVA DE REVALÚO TÉCNICO","3.02.02.01.002","equity","False","base.PYG",""
"py_3_02_03_01_001","OTRAS RESERVAS","3.02.03.01.001","equity","False","base.PYG",""
"py_3_03_01_01_001","RESULTADOS ACUMULADOS","3.03.01.01.001","equity","False","base.PYG",""
"py_3_03_01_01_002","RESULTADO DEL EJERCICIO","3.03.01.01.002","equity_unaffected","False","base.PYG",""
"py_4_01_01_01_001","VENTAS DE MERCADERÍAS GRAVADAS POR EL IVA","4.01.01.01.001","income","False","base.PYG",""
"py_4_01_01_01_002","VENTAS DE MERCADERÍAS EXENTAS DEL IVA","4.01.01.01.002","income","False","base.PYG",""
"py_4_01_02_01_001","VENTAS DE SOJA Y SUS DERIVADOS","4.01.02.01.001","income","False","base.PYG",""
"py_4_01_02_01_002","VENTAS DE MAÍZ","4.01.02.01.002","income","False","base.PYG",""
"py_4_01_02_01_003","VENTAS DE TRIGO","4.01.02.01.003","income","False","base.PYG",""
"py_4_01_02_01_004","OTROS PRODUCTOS AGRÍCOLAS","4.01.02.01.004","income","False","base.PYG",""
"py_4_01_03_01_001","VENTAS DE GANADO","4.01.03.01.001","income","False","base.PYG",""
"py_4_01_04_01_001","VENTAS DE PRODUCTOS FRUTÍCOLAS Y HORTÍCOLAS","4.01.04.01.001","income","False","base.PYG",""
"py_4_01_05_01_001","VENTAS DE PRODUCTOS DE LA EXPLOTACIÓN FORESTAL","4.01.05.01.001","income","False","base.PYG",""
"py_4_01_06_01_001","EXPORTACIONES A EMPRESAS VINCULADAS","4.01.06.01.001","income","False","base.PYG",""
"py_4_01_06_01_002","EXPORTACIONES A TERCEROS NO VINCULADOS","4.01.06.01.002","income","False","base.PYG",""
"py_4_01_06_02_001","EXPORTACIONES DE OTROS PRODUCTOS AGRÍCOLAS","4.01.06.02.001","income","False","base.PYG",""
"py_4_01_07_01_001","EXPORTACIONES DE PRODUCTOS FARMACÉUTICOS","4.01.07.01.001","income","False","base.PYG",""
"py_4_01_08_01_001","EXPORTACIONES DE MAQUINARIAS Y EQUIPOS","4.01.08.01.001","income","False","base.PYG",""
"py_4_01_09_01_001","EXPORTACIONES DE OTROS PRODUCTOS INDUSTRIALIZADOS","4.01.09.01.001","income","False","base.PYG",""
"py_4_01_10_01_001","EXPORTACIONES DE OTROS PRODUCTOS","4.01.10.01.001","income","False","base.PYG",""
"py_4_01_11_01_001","VENTAS DE SERVICIOS GRAVADOS","4.01.11.01.001","income","False","base.PYG",""
"py_4_01_12_01_001","VENTAS A EXTRANJEROS","4.01.12.01.001","income","False","base.PYG",""
"py_4_01_12_01_002","VENTAS A DISTRIBUIDORES LOCALES","4.01.12.01.002","income","False","base.PYG",""
"py_4_01_12_01_003","VENTAS A CLIENTES LOCALES","4.01.12.01.003","income","False","base.PYG",""
"py_4_01_12_02_001","VENTAS DE MERCADERÍAS - ZONA FRANCA","4.01.12.02.001","income","False","base.PYG",""
"py_4_01_12_03_001","VENTAS POR RÉGIMEN DE MAQUILA","4.01.12.03.001","income","False","base.PYG",""
"py_4_01_12_04_001","VENTAS BAJO OTROS REGÍMENES ESPECIALES","4.01.12.04.001","income","False","base.PYG",""
"py_4_01_12_05_001","OTRAS VENTAS EXENTAS DEL IVA","4.01.12.05.001","income","False","base.PYG",""
"py_4_01_98_01_001","(-) DESCUENTOS CONCEDIDOS","4.01.98.01.001","income","False","base.PYG",""
"py_4_01_98_02_001","(-) DEVOLUCIONES","4.01.98.02.001","income","False","base.PYG",""
"py_5_01_01_01_001","COSTO DE MERCADERÍAS GRAVADAS POR EL IVA","5.01.01.01.001","expense_direct_cost","False","base.PYG",""
"py_5_01_01_01_002","COSTO DE MERCADERÍAS EXENTAS DEL IVA","5.01.01.01.002","expense_direct_cost","False","base.PYG",""
"py_5_01_02_01_001","COSTO DE VENTAS DE SOJA Y SUS DERIVADOS","5.01.02.01.001","expense_direct_cost","False","base.PYG",""
"py_5_01_02_01_002","COSTO DE VENTAS DE MAÍZ","5.01.02.01.002","expense_direct_cost","False","base.PYG",""
"py_5_01_02_01_003","COSTO DE VENTAS DE TRIGO","5.01.02.01.003","expense_direct_cost","False","base.PYG",""
"py_5_01_02_01_004","COSTO DE VENTAS DE OTROS PRODUCTOS AGRÍCOLAS","5.01.02.01.004","expense_direct_cost","False","base.PYG",""
"py_5_01_03_01_001","COSTO DE VENTAS DE GANADO","5.01.03.01.001","expense_direct_cost","False","base.PYG",""
"py_5_01_04_01_001","COSTO DE VENTAS DE PRODUCTOS FRUTÍCOLAS Y HORTÍCOLAS","5.01.04.01.001","expense_direct_cost","False","base.PYG",""
"py_5_01_05_01_001","COSTO DE VENTAS DE PRODUCTOS DE LA EXPLOTACIÓN FORESTAL","5.01.05.01.001","expense_direct_cost","False","base.PYG",""
"py_5_01_06_01_001","COSTO DE EXPORTACIONES A EMPRESAS VINCULADAS","5.01.06.01.001","expense_direct_cost","False","base.PYG",""
"py_5_01_06_01_002","COSTO DE EXPORTACIONES A TERCEROS NO VINCULADOS","5.01.06.01.002","expense_direct_cost","False","base.PYG",""
"py_5_01_06_02_001","COSTO DE OTROS PRODUCTOS AGRÍCOLAS EXPORTADOS","5.01.06.02.001","expense_direct_cost","False","base.PYG",""
"py_5_01_07_01_001","COSTO DE PRODUCTOS FARMACEÚTICOS EXPORTADOS","5.01.07.01.001","expense_direct_cost","False","base.PYG",""
"py_5_01_08_01_001","COSTO DE MAQUINARIAS Y EQUIPOS EXPORTADOS","5.01.08.01.001","expense_direct_cost","False","base.PYG",""
"py_5_01_09_01_001","COSTO DE OTROS PRODUCTOS INDUSTRIALIZADOS EXPORTADOS","5.01.09.01.001","expense_direct_cost","False","base.PYG",""
"py_5_01_10_01_001","COSTO DE OTROS PRODUCTOS EXPORTADOS","5.01.10.01.001","expense_direct_cost","False","base.PYG",""
"py_5_01_11_01_001","COSTO DE SERVICIOS GRAVADOS","5.01.11.01.001","expense_direct_cost","False","base.PYG",""
"py_5_01_12_01_001","COSTO DE VENTAS A EXTRANJEROS","5.01.12.01.001","expense_direct_cost","False","base.PYG",""
"py_5_01_12_01_002","COSTO DE VENTAS A DISTRIBUIDORES LOCALES","5.01.12.01.002","expense_direct_cost","False","base.PYG",""
"py_5_01_12_01_003","COSTO DE VENTAS A CLIENTES LOCALES","5.01.12.01.003","expense_direct_cost","False","base.PYG",""
"py_5_01_12_02_001","COSTO DE VENTAS DE MERCADERÍAS - ZONA FRANCA","5.01.12.02.001","expense_direct_cost","False","base.PYG",""
"py_5_01_12_03_001","COSTO DE VENTAS POR RÉGIMEN DE MAQUILA","5.01.12.03.001","expense_direct_cost","False","base.PYG",""
"py_5_01_12_04_001","COSTO DE VENTAS BAJO OTROS REGÍMENES ESPECIALES","5.01.12.04.001","expense_direct_cost","False","base.PYG",""
"py_5_01_12_05_001","COSTO DE VENTAS EXENTAS DEL IVA","5.01.12.05.001","expense_direct_cost","False","base.PYG",""
"py_6_01_01_01_001","INTERESES GANADOS","6.01.01.01.001","income_other","False","base.PYG",""
"py_6_01_01_01_002","COMISIONES COBRADAS","6.01.01.01.002","income_other","False","base.PYG",""
"py_6_01_01_01_003","DESCUENTOS OBTENIDOS","6.01.01.01.003","income_other","False","base.PYG",""
"py_6_01_01_01_004","SUBVENCIONES","6.01.01.01.004","income_other","False","base.PYG",""
"py_6_01_01_01_005","RESULTADO POR DIFERENCIA DE CAMBIO","6.01.01.01.005","income_other","False","base.PYG",""
"py_7_01_01_01_001","SUELDOS Y JORNALES","7.01.01.01.001","expense","False","base.PYG",""
"py_7_01_01_01_002","APORTE PATRONAL","7.01.01.01.002","expense","False","base.PYG",""
"py_7_01_01_01_003","OTROS BENEFICIOS AL PERSONAL","7.01.01.01.003","expense","False","base.PYG",""
"py_7_01_02_01_001","COMISIONES PAGADAS SOBRE VENTAS","7.01.02.01.001","expense","False","base.PYG",""
"py_7_01_03_01_001","VIÁTICOS A VENDEDORES","7.01.03.01.001","expense","False","base.PYG",""
"py_7_01_04_01_001","PUBLICIDAD Y PROPAGANDA","7.01.04.01.001","expense","False","base.PYG",""
"py_7_01_05_01_001","FLETES PAGADOS","7.01.05.01.001","expense","False","base.PYG",""
"py_7_01_99_01_001","OTROS GASTOS DE VENTAS","7.01.99.01.001","expense","False","base.PYG",""
"py_7_02_01_01_001","SUELDOS Y JORNALES","7.02.01.01.001","expense","False","base.PYG",""
"py_7_02_01_01_002","APORTE PATRONAL","7.02.01.01.002","expense","False","base.PYG",""
"py_7_02_01_01_003","OTROS BENEFICIOS AL PERSONAL","7.02.01.01.003","expense","False","base.PYG",""
"py_7_02_02_01_001","REMUNERACIÓN PERSONAL SUPERIOR","7.02.02.01.001","expense","False","base.PYG",""
"py_7_02_03_01_001","GASTOS DE REPRESENTACIÓN","7.02.03.01.001","expense","False","base.PYG",""
"py_7_02_04_01_001","HONORARIOS PROFESIONALES","7.02.04.01.001","expense","False","base.PYG",""
"py_7_02_05_01_001","ALQUILERES","7.02.05.01.001","expense","False","base.PYG",""
"py_7_02_06_01_001","AGUA, LUZ, TELÉFONO E INTERNET","7.02.06.01.001","expense","False","base.PYG",""
"py_7_02_07_01_001","MOVILIDAD","7.02.07.01.001","expense","False","base.PYG",""
"py_7_02_08_01_001","COMBUSTIBLES Y LUBRICANTES","7.02.08.01.001","expense","False","base.PYG",""
"py_7_02_09_01_001","REPARACIONES Y MANTENIMIENTOS","7.02.09.01.001","expense","False","base.PYG",""
"py_7_02_10_01_001","SEGUROS PAGADOS","7.02.10.01.001","expense","False","base.PYG",""
"py_7_02_11_01_001","ÚTILES DE OFICINA","7.02.11.01.001","expense","False","base.PYG",""
"py_7_02_12_01_001","GASTOS PAGADOS EN EL EXTERIOR","7.02.12.01.001","expense","False","base.PYG",""
"py_7_02_13_01_001","JUICIOS Y GASTOS JUDICIALES","7.02.13.01.001","expense","False","base.PYG",""
"py_7_02_14_01_001","GASTOS DE COBRANZAS","7.02.14.01.001","expense","False","base.PYG",""
"py_7_02_15_01_001","DONACIONES Y CONTRIBUCIONES","7.02.15.01.001","expense","False","base.PYG",""
"py_7_02_16_01_001","COMISIONES Y GASTOS BANCARIOS OPERACIONALES","7.02.16.01.001","expense","False","base.PYG",""
"py_7_02_17_01_001","IMPUESTOS, PATENTES, TASAS Y OTRAS CONTRIBUCIONES","7.02.17.01.001","expense","False","base.PYG",""
"py_7_02_18_01_001","MULTAS Y SANCIONES.","7.02.18.01.001","expense","False","base.PYG",""
"py_7_02_18_01_002","Redondeos","7.02.18.01.002","expense","False","base.PYG",""
"py_7_03_01_01_001","INTERESES PAGADOS A ENTIDADES BANCARIAS Y FINANCIERAS","7.03.01.01.001","expense","False","base.PYG",""
"py_7_03_01_01_002","OTROS INTERESES PAGADOS","7.03.01.01.002","expense","False","base.PYG",""
"py_7_03_01_01_003","COMISIONES Y GASTOS BANCARIOS SOBRE OPERACIONES CREDITICIAS","7.03.01.01.003","expense","False","base.PYG",""
"py_7_03_01_02_001","RESULTADO POR DIFERENCIA DE CAMBIO","7.03.01.02.001","expense","False","base.PYG",""
"py_1_01_01_01_004","CHEQUES PYG EN CARTERA","1.01.01.01.004","asset_cash","False","base.PYG",""
"py_1_01_03_02_005","RETENCIONES DE RENTA","1.01.03.02.005","asset_current","False","base.PYG",""
"py_1_01_03_02_006","RETENCIONES POR CONFIRMAR","1.01.03.02.006","asset_current","False","base.PYG",""
